Acronym,Publication Title
3DIM,"3-D Digital Imaging and Modeling, International Conference on"
3DPVT,"3D Data Processing Visualization and Transmission, International Symposium on"
3DTV-CON,"3DTV-Conference: The True Vision - Capture, Transmission and Display of 3D Video"
3DUI,"3D User Interfaces, IEEE Symposium on"
AAA IDEA,"Advanced Architectures and Algorithms for Internet Delivery and Applications,2005 1st International Workshop on"
ACC,American Control Conference
ACCESSNETS,"Access Networks & Workshops, International Conference on"
ACEMP,"Electrical Machines and Power Electronics, International Aegean Conference on"
ACHI,"Advances in Computer-Human Interaction, First International Conference on"
ACOM,"Assessment of Contemporary Modularization Techniques, First International Workshop on"
ACSAC,Computer Security Applications Conference
ACSD,"Application of Concurrency to System Design, International Conference on"
ACSSC,"Signals, Systems and Computers, Conference Record of the Asilomar Conference on"
ADCOM,"Advanced Computing and Communications, International Conference on"
ADPRL,"Approximate Dynamic Programming and Reinforcement Learning, IEEE International Symposium on"
ADVCOMP,"Advanced Engineering Computing and Applications in Sciences, International Conference on"
AE,"Applied Electronics, International Conference on"
AEMC,"Applied Electromagnetics Conference, IEEE"
AFRICON,Africon
AGEC,"Asian Green Electronics -Design for Manufacturability and Reliability, International Conference on"
AGILE,AGILE
AHS,"Adaptive Hardware and Systems, NASA/ESA Conference on"
AICCSA,"Computer Systems and Applications, IEEE/ACS International Conference on"
AICT,"Telecommunications (AICT), Advanced International Conference on"
AIM,"Advanced Intelligent Mechatronics, IEEE/ASME International Conference on"
AINA,"Advanced Information Networking and Applications AINA,Proceedings International Conference on"
AINA Workshops,"Advanced Information Networking and Applications Workshops, IEEE International Conference on"
AIPR,"Applied Image Pattern Recognition Workshop, 35th IEEE"
AISPC,"Student Paper Conference, Annual IEEE"
ALife,"Artificial Life, IEEE Symposium on"
ALPIT,"Advanced Language Processing and Web Information Technology, International Conference on"
AMC,"Advanced Motion Control, IEEE International Workshop on"
AMS,"Modeling and Simulation, Asia International Conference on"
AMT,"Active Media Technology, International Conference on"
AMUEM,"Advanced Methods for Uncertainty Estimation in Measurement, IEEE International Workshop on"
ANSS,"Simulation Symposium, Annual"
ANTS,"Advanced Networks and Telecommunication Systems, International Symposium on"
AOE,"Optical Fiber Communication and Optoelectronics Conference, Proceedings of the Asia"
APACE,"Applied Electromagnetics, Asia-Pacific Conference on"
APCC,"Communications, Asia-Pacific Conference on"
APCCAS,"Circuits and Systems, IEEE Asia Pacific Conference on"
APEC,"Applied Power Electronics Conference and Exposition, IEEE"
APEDE,"Actual Problems of Electron Devices Engineering, International Conference on"
APEIE,"Actual Problems of Electronic Instrument Engineering, International Conference on"
APEMC,"Electromagnetic Compatibility and International Zurich Symposium on Electromagnetic Compatibility, Asia-Pacific Symp on"
APM,"Advanced Packaging Materials: Processes, Properties and Interface, International Symposium on"
APMC,"Microwave Conference, Asia Pacific"
APMRC,"Magnetic Recording Conference, Asia Pacific"
AP-MWP,"Microwave Photonics, International Topical Meeting on (MWP) & Microwave Photonics Conference, 2008 Asia-Pacific (AP-MWP)"
APOS,"Optical Fiber Sensors Conference, Asia-Pacific"
APSAR,"Synthetic Aperture Radar, Asian and Pacific Conference on"
APSCC,"Asia-Pacific Services Computing Conference, IEEE"
APSEC,"Software Engineering Conference, Asia Pacific"
APSITT,"Information and Telecommunication Technologies, Asia-Pacific Symposium on"
APVIS,"Visualization (APVIS), International Asia-Pacific Symposium on"
AQTR,"Automation, Quality and Testing, Robotics, IEEE International Conference on"
ARES,"Availability Reliability and Security, International Conference on"
ARFTG,ARFTG Conference
ARITH,"Computer Arithmetic, IEEE Symposium on"
ARSO,"Advanced Robotics and its Social Impacts, IEEE Workshop on"
ASAP,Application-Specific Systems Architecture and Processors
ASDAM,"Advanced Semiconductor Devices and Microsystems, International Conference on"
ASE,"Automated Software Engineering, IEEE/ACM International Conference on"
ASIC,"ASIC, International Conference on"
ASICON,"ASIC,  International Conference on"
ASID,"Anti-counterfeiting, Security and Identification, International Workshop on"
ASILOMAR,"Signals, Systems and Computers, Asilomar Conference on"
ASMC,"Advanced Semiconductor Manufacturing Conference, IEEE/SEMI"
ASMS,Advanced Satellite Mobile Systems Conference
ASPCC,"Computing Conference, IEEE Asia-Pacific Services"
ASP-DAC,"Design Automation Conference, Asia and South Pacific"
ASRU,"Automatic Speech Recognition & Understanding, IEEE Workshop on"
ASSCC,"Solid-State Circuits Conference, 2005 Asian"
A-SSCC,"Solid-State Circuits Conference, IEEE Asian"
AST,"Automation of Software Test, International Workshop on"
ASWEC,"Software Engineering Conference, Australian"
ASYNC,"Asynchronous Circuits and Systems, IEEE International Symposium on"
ATLC,"Science, Technology and Innovation Policy, Atlanta Conference on"
ATM,"High Performance Switching and Routing, Workshop on"
ATNAC,"Telecommunication Networks and Applications Conference, Australasian"
ATS,"Asian Test Symposium, IEEE"
AUPEC,"Power Engineering, Australasian Universities"
AuRE,"Automotive Requirements Engineering Workshop, International"
AUSC,"Communication Theory Workshop, Australian"
AUSCTW,"Communications Theory Workshop, Australian"
AusWireless,"Wireless Broadband and Ultra Wideband Communications, Australian Conference on"
AUTOID,"Automatic Identification Advanced Technologies, IEEE Workshop on"
AUTOTESTCON,"Autotestcon, IEEE"
AVFOP,"Avionics, Fiber-Optics and Photonics Technology Conference, IEEE"
AVSS,"Advanced Video and Signal Based Surveillance, IEEE Conference on"
AXEDIS,"Automated Production of Cross Media, International Conference on"
AXMEDIS,"Automated Production of Cross Media Content for Multi-Channel Distribution, International Conference on"
BALTIC,"Baltic International Symposium, 2008 IEEE/OES US/EU-"
BBEurope,"Broadband Europe, 2007"
BCN,"Broadband Convergence Networks, 2006 1st IEEE International Workshop on"
BCTM,"Bipolar/BiCMOS Circuits and Technology Meeting, 2006 IEEE"
BDIM,"Business-Driven IT Management, 2007 2nd IEEE/IFIP International Workshop on"
BEC,"Baltic Electronics Conference, 2006 International Biennal"
BIBE,"Bioinformatics and BioEngineering, 2006 6th IEEE International Symposium on"
BIBM,"Bioinformatics and Biomedicine (BIBM), 2007 IEEE International Conference on"
BIBM wkshp,"Bioinformatics and Biomedicine Workshops, 2007 IEEE International Conference on"
BioCAS,"Biomedical Circuits and Systems Conference, 2006 IEEE"
BIOROB,"Biomedical Robotics and Biomechatronics, 2006 1st IEEE RAS & EMBS Intl Conf on"
BIOTECHNO,"Biocomputation, Bioinformatics, and Biomedical Technologies BIOTECHNO, 2008 International Conference on"
BLISS,"Bio-inspired Learning and Intelligent Systems for Security, 2007 ECSIS Symposium on"
BMAS,"Behavioral Modeling and Simulation Workshop,2005 IEEE International"
BMEI,"Biomedical Engineering And Informatics, 2008 International Conference On"
BNCOD,"Databases (BNCOD), 2007 Workshops of the 24th British National Conference on"
BROADNETS,"Broadband Communications, Networks & Systems, 2007 Fourth International Conference on"
BSN,"Wearable & Implantable Body Sensor Networks Conference (BSN), 2006"
BTAS,"Biometrics: Theory, Applications and Systems, 2007 First IEEE International Conference on"
C5,"Creating Connecting and Collaborating through Computing (C5), 2006 4th International Conference on"
CACSD,"Computer-Aided Control Systems Design, 2006 IEEE Conference on"
CADSM,"The Experience of Designing and Application of CAD Systems in Microelectronics, 2007 Proceedings of the 9th Intl Conf"
CAIDC,"Computer-Aided Industrial Design and Conceptual Design, 2006 7th International Conference on"
CAMAD,"Computer-Aided Modeling, Analysis and Design of Communication Links and Networks, 2006 11th International Workshop on"
CAMP,"Computer Architecture for Machine Perception and Sensing, 2006 International Workshop on"
CAMPSAP,"Computational Advances in Multi-Sensor Adaptive Processing, 2007 2nd IEEE International Workshop on"
CAOL,"Advanced Optoelectronics and Lasers, 2005 International Conference on"
CAS,"Semiconductor Conference, 2007 International"
CASE,"Automation Science and Engineering, 2007 IEEE International Conference on"
CBMI,"Content-Based Multimedia Indexing, 2007 International Workshop on"
CBMS,"Computer-Based Medical Systems (CBMS), 2006 Proceedings 19th IEEE International Symposium on"
CCA,"Control Applications, Proceedings of the 2006 IEEE International Conference on"
CCC,"Control Conference, 2006 Chinese "
CCDC,"Control and Decision Conference, 2008 Chinese"
CCECD,"Electrical and Computer Engineering, 2007 Canadian Conference on"
CCECE,"Electrical and Computer Engineering, 2005 Canadian Conference on"
CCGRID,"Cluster Computing and the Grid (CCGrid), 2006 6th IEEE International Symposium on"
CCNC,"Consumer Communications and Networking Conference, 2007 4th IEEE"
CDC,"Decision and Control, Proceedings of the 45th IEEE Conference on"
CDE,"Electron Devices, 2007 Spanish Conference on"
CEC,"Evolutionary Computation, 2007 IEEE Congress on"
CEC Wkshp,"E-Commerce Technology Workshop, 2005 7th International on"
CEC-EEE,"E-Commerce Technology and Enterprise Computing E-Commerce and E-Services (CEC-EEE), 2006"
CEEM,"Environmental Electromagnetics, 2006 4th Asia-Pacific Conference on"
CEFC,"Electromagnetic Field Computation, 2006 12th Biennial IEEE Conference on"
CEIDP,"Electrical Insulation and Dielectric Phenomena, 2006 Annual Report Conference on"
CEM,"Computational Electromagnetics Workshop, 2007"
CERE,"Comparative Evaluation in Requirements Engineering (CERE), 2006 4th International Workshop on"
CERMA,"Electronics, Robotics and Automotive Mechanics Conference, 2006"
CGI,"Computer Graphics International (CGI), 2005"
CGIV,"Computer Graphics Imaging and Visualization (CGIV), 2006"
CGO,"Code Generation and Optimization (CGO), 2006 4th IEEE/ACM International Symposium on"
CHINACOM,"Communications and Networking in China, 2007 Second International Conference in"
CIBCB,"Computational Intelligence and Bioinformatics and Computational Biology, 2006 IEEE Symposium on"
CIC,"Computing (CIC), 2006 15th International Conference on"
CICC,"Custom Integrated Circuits Conference, 2005 IEEE"
CICLing,"Intelligent Text Processing and Computational Linguistics, Special Session (CICLing), 2007 Eighth International Conference on"
CIDM,"Computational Intelligence and Data Mining, 2007 IEEE Symposium on"
CIEP,"Power Electronics Congress - CIEP, 2006 IEEE International"
CIG,"Computational Intelligence and Games, 2007 IEEE Symposium on"
CIGRE,"Congestion Management in a Market Environment, 2005 CIGRE/IEEE PES International Symposium"
CIHSPS,"Computational Intelligence for Homeland Security and Personal Safety, 2006 IEEE International Conference on"
CIISP,"Computational Intelligence in Image and Signal Processing, 2007 IEEE Symposium on"
CIMA,"Computational Intelligence Methods and Applications (CIMA 2005), 2005 ICSC Congress on"
CIMCA,"Computational Intelligence for Modelling Control and Automation, 2005"
CIMSA,"Computational Intelligence for Measurement Systems and Applications, 2006 IEEE International Conference on"
CIRA,"Computational Intelligence in Robotics and Automation, 2007 International Symposium on"
CIS,"Computational Intelligence and Security (CIS), 2007 International Conference on"
CIS Workshops,"Computational Intelligence and Security Workshops (CIS Workshops), 2007 International Conference on"
CISched,"Computational Intelligence in Scheduling, 2007 IEEE Symposium on"
CISDA,"Computational Intelligence in Security and Defense Applications, 2007 IEEE Symposium on"
CISIM,"Computer Information Systems and Industrial Management Applications, 2007 6th International Conference on"
CISIS,"Complex Intelligent and Software Intensive Systems (CISIS), 2007 5th International Conference on"
CISP,"Congress on Image and Signal Processing, 2008 International"
CISS,"Information Sciences and Systems, 2006 40th Annual Conference on"
CIT,"Computer and Information Technology (CIT), 2006 6th International Conference on"
CLADE,"Large Applications in Distributed Environments, 2006 IEEE Challenges of"
CLEO,"Lasers & Electro-Optics, 2007 Conference on"
CLEO-PR,"Pacific Rim Conference on Lasers and Electro-Optics, 2005"
CLUSTER,"Cluster Computing (CLUSTER),  2007 IEEE International Conference on"
CMD,"Condition Monitoring and Diagnosis, 2008 International Conference on"
CME,"Complex Medical Engineering, 2007 IEEE/ICME International Conference on"
CMTC,"Current Measurement Technology, 2005 IEEE/OES 8th Working Conference on"
CMV,"Coordinated and Multiple Views in Exploratory Visualization, 2007 International Conference"
CNE,"Neural Engineering, 2005 2nd International IEEE/EMBS Conference on"
CNIC,"Neural Interface and Control, 2005 1st International Conference on"
CNNA,"Cellular Neural Networks and Their Applications, 2006 10th International Workshop on"
CNSR,"Communication Network and Services Research Conferences (CNSR), 2006"
CODES-ISSS,"Hardware/Software Codesign and System Synthesis (CODES+ISSS), 2006 4th IEEE/ACM/IFIP International Conference on"
CogART,"Cognitive Radio and Advanced Spectrum Management, 2008 First International Workshop on"
COIN/ACOFT,"Optical Internet and Australian Conference on Optical Fibre Technology, 2007 the Joint International Conference on"
CollaborateCom,"Collaborative Computing: Networking, Applications and Worksharing, 2007 International Conference on"
COMCAS,"Microwaves, Communications, Antennas and Electronic Systems, 2008 IEEE International Conference on"
COMITE,"Microwave Techniques, 2008 14th Conference on"
COMMAD,"Optoelectronic Materials and Devices, 2006 Conference on"
COMPEL,"Computers in Power Electronics, 2006 10th IEEE Workshop on"
COMPSAC,"Computer Software and Applications Conference (COMPSAC), 2006 30th Annual International"
COMPSAC SUPPL,"Computer Software and Applications Conference Supplement (COMPSAC 2006 supplement), 2006 IEEE 30th International"
COMSWARE,"Communication Systems Software & Middleware, 2007 2nd International Conference on"
CONIELECOMP,"Electronics, Communications and Computer (CONIELECOMP), Proceedings 2006 16th International Conference on"
CONTEL,"Telecommunications, 2007 Proceedings of the 9th International Conference on"
CPE,"Compatibility in Power Electronics, 2007"
CRIMICO,"Microwave & Telecommunication Technology"", 2007 17th International Crimean Conference """
CROWNCOM,"Cognitive Radio Oriented Wireless Networks and Communications, 2007 2nd International Conference on"
CROWNCON,"Cognitive Radio Oriented Wireless Networks and Communications, 2008 3rd International Conference on"
CRV,"Computer and Robot Vision (CRV), 2007 4th Canadian Conference on"
CSB,"Computational Sys Bioinformatics Conf, 2005 IEEE"
CSCWD,"Computer Supported Cooperative Work in Design, 2006 10th International Conference on"
CSEET,"Software Engineering Education and Training - (CSEET), 2007 IEEE 20th Conference on"
CSF,"Computer Security Foundations Symposium, 2007 IEEE 20th"
CSFW,"Computer Security Foundations Workshop (CSFW), 2006 IEEE 19th"
CSICS,"Compound Semiconductor Integrated Circuits Symposium, 2007 IEEE"
CSMR,"Software Maintenance and Reengineering (CSMR), 2006 10th European Conference on"
CSNDSP,"Communication Systems, Networks and Digital Signal Processing, 2008 6th International Symposium on"
CTRQ,"Communication Theory, Reliability,and Quality of Service CTRQ, 2008 International Conference on"
CTS,"Collaborative Technologies and Systems (CTS), 2006 International Symposium on"
CTTE,"Telecommunication Techno-Economics, 2007 6th Conference on"
CV4IIE,"Computer Vision for Interactive and Intelligent Environments (CV4IIE), 2005 Workshop on"
CVPR,"Computer Vision and Pattern Recognition (CVPR), 2007 IEEE Conference on"
CVPR WKSHP,"Computer Vision and Pattern Recognition Workshops (CVPR Workshops), 2006 IEEE Computer Society Conference on"
CW,"Cyberworlds (CW), 2006 International Conference on"
CWIT,"Information Theory, 2007 10th Canadian Workshop on"
D2H2,"Distributed Diagnosis & Home Healthcare (D2H2), 2006"
DAC,"Design Automation Conference, 2005 42nd ACM/IEEE"
Dagstuhl,"Visualization, 2005 Dagstuhl"
DASC,"Digital Avionics Systems Conference, 2006 IEEE/AIAA 25th"
DATE,"Design, Automation & Test in Europe Conference & Exhibition (DATE 2007), 2007"
DBT,"Defect Based Testing, 2005 IEEE Intl Wkshp on"
DCAS,"Circuits and Systems Workshop on System-on-Chip, 2007 6th IEEE Dallas"
DCC,"Data Compression Conference, 2006 (DCC 2006)"
DDECS,"Design and Diagnostics of Electronic Circuits and Systems (DDECS), 2006 IEEE"
DEEC,"Data Engineering Issues in E-Commerce, 2005 International Workshop on"
DELTA,"Electronic Design, Test and Applications (DELTA),  2006 IEEE International Workshop on"
DEMBS,"Engineering in Medicine and Biology Workshop, 2007 IEEE Dallas"
DEPCoS,"Dependability of Computer Systems (DepCoS), 2006 International Conference on"
DepCos-RELCOME,"Dependability of Computer Systems (DepCos-RELCOMEX), 2007 2nd International Conference on"
DEST,"Digital EcoSystems and Technologies Conference, 2007 Inaugural IEEE-IES"
DEXA,"Database and Expert Systems Applications (DEXA), 2006 17th International Conference on"
DFMA,"Distributed Frameworks for Multimedia Applications, 2006 2nd International Conference on"
DFT,"Defect and Fault Tolerance in VLSI Systems (DFT), 2006 21st IEEE International Symposium on"
DGTE,"Digital Games and Intelligent Toys-based Education (DGTE), 2007 IEEE International Workshop on"
DIAL,"Document Image Analysis for Libraries (DIAL), 2006"
DICTA,"Digital Image Computing Techniques & Applications, 2007"
DIPED,"Direct and Inverse Problems of Electromagnetic Acoustic Wave Theory, 2006 Proceedings of XIth International Seminar/Workshop on"
DMAMH,"Digital Media and Its Application in Museum and Heritage (DMAMH), 2007 Second Workshop on"
DoD HPCMP UGC,"DoD High Performance Computing Modernization Program Users Group Conference, 2007"
DRC,"Device Research Conference, 2006 64th Annual"
DRCN,"Design and Reliable Communication Networks, DRCN 2007 6th International Workshop on"
DRPT,"Electric Utility Deregulation and Restructuring and Power Technologies, 2008 Third International Conference on"
D-RT,"Distributed Simulation and Real-Time Applications DS-RT, Proceedings 2005 9th Intl Symposium on"
DSD,"Digital System Design: Architectures Methods and Tools (DSD), 2006 9th Euromicro Conference on"
DSN,"Dependable Systems & Networks, 2007 IEEE International Conference on"
DSP,"Digital Signal Processing, 2007 15th International Conference on"
DSRT,"Distributed Simulation & Real Time Applications (DSRT), 2006 10th IEEE/ACM International Symposium on"
DS-RT,"Distributed Simulation and Real Time Applications (DS-RT), 2007 11th IEEE/ACM International Symposium on"
DSSNS,"Dependability and Security in Sensor Networks and Systems (DSSNS 2006), 2006 2nd IEEE Workshop on"
DTIS,"Design & Technology of Integrated Systems in Nanoscale Era, 2007 International Conference on"
DySPAN,"New Frontiers in Dynamic Spectrum Access Networks, 2007 2nd IEEE International Symposium on"
E2EMON,"End-to-End Monitoring Techniques and Services, 2007 Workshop on"
EAEEIE,"EAEEIE Annual Conference, 2008 19th"
EARLYASPECTS,"Apsect-Oriented Requirements Engineering and Architecture Design, 2007 Workshop in"
EASE,"Autonomic and Autonomous Systems, 2006 IEEE 3rd Workshop on Engineering of"
ECBS,"Engineering of Computer Based Systems (ECBS), 2006 IEEE Symposium and Workshop on"
ECCTD,"Circuit Theory and Design, 2007 European Conference on"
ECOC,"Optical Communications Proceedings, 2006 European Conference on"
ECOWS,"Web Services, 2006 4th IEEE European Conference on"
ECRTS,"Real-Time Systems (ECRTS), 2006 18th Euromicro Conference on"
ECTC,"Electronic Components and Technology Conference, 2006 IEEE 56th"
ECTI-CON,"Electrical Engineering/Electronics, Computer, Telecommunications and Information Technology, 2008 5th International Conference on"
ECUMN,"Universal Multiservice Networks (ECUMN), 2007 European Conference on"
ECWT,"Wireless Technologies, 2006 European Conference on"
EDCC,"Dependable Comuting Conference (EDCC), 2006 6th European"
EDM,"Electron Devices and Materials, 2006 International Workshops and Tutorials on"
EDOC,"Enterprise Distributed Object Computing Conference (EDOC), 2006 10th IEEE International"
EDOC Workshops,"Enterprise Distributed Object Computing Conference Workshops (EDOC workshops), 2006 10th IEEE International"
EDSSC,"Electron Devices and Solid- State Circuits, 2007 IEEE Conference on"
EDST,"Electron Devices and Semiconductor Technology, 2007 International Workshop on"
EEE,"e-Technology , e-Commerce and e-Service, 2005 IEEE International Conference on  (EEE 2005)"
EEIC,"Electrical Insulation Conference and Electrical Manufacturing Expo, 2007"
EEM,"Electricity Market, 2008 5th International Conference on the European"
EFTA,"Emerging Technologies &Factory Automation (ETFA 2005),  2005 IEEE Conference on"
EH,"Evolvable Hardware, 2005 NASA/DOD Conference on"
EIT,"Electro/Information Technology, 2006 IEEE International Conference on"
EITC,"Emerging Information Technology Conference, 2006"
ELMAR,"ELMAR, Proceedings 2006"
EMAP,"Electronics Materials and Packaging (EMAP 2005), 2005 International Symposium on"
EMBS,"Engineering in Medicine and Biology Society, 2006 Annual International Conference of the IEEE"
EMC,"Engineering Management Conference, 2006 IEEE-UT"
EML,"Electromagnetic Launch Technology, 2008 14th Symposium on"
EMNETS,"Embedded Networked Sensors, 2005 2nd IEEE Workshop on"
ENC,"Computer Science (ENC), 2006 7th Mexican International Conference on"
EOS,"Optical Society Annual Meeting, 2006 European"
EOS/ESD,"EOS/ESD Symposium, 2007 29th Annual International"
EPC,"Electrical Power Conf, 2007 IEEE Canada"
EPE,"Power Electronics and Applications - EPE 2007, 2007 European Conference on"
EPEP,"Performance of Electronic Packaging,  2007 IEEE Electrical"
EPE-PEMC,"Power Electronics and Motion Control Conference, 2006 12th International"
EPQU,"Electrical Power Quality and Utilisation, Proceedings of the 9th International Conference on"
EPTC,"Electronic Packaging Technology Conference, 2006 8th"
EQEC,"European Quantum Electronic, 2005"
ESC,"Economics of Software and Computation (ESC 2007), 2007 First International Workshop on the"
e-Science,"e-Science and Grid Computing, 2006 2nd IEEE International Conference on"
ESEM,"Empirical Software Engineering and Measurement (ESEM), 2007 1st International Symposium on"
ESMO,"ESMO 2006 - 2006 IEEE 11th International Conference on Transmission & Distribution Construction, Operation and Live-Line"
ESSCIRC,ESSCIRC 2006 - 32nd European Solid State Circuits Conf
ESSDERC,"Solid State Device Research Conference, ESSDERC 2006 36th European"
ESTC,"Electronic System Integration Technology Conference, 2006 1st"
ESTIMEDIA,"Embedded Systems for Real Time Multimedia, Proceedings of the 2006 IEEE/ACM/IFIP Workshop on"
ESTS,"Electric Ship Technologies Symposium, 2007 IEEE"
ETC,"Emerging Technologies Conference, 2006 9th Annual IEEE"
ETFA,"Emerging Technologies and Factory Automation, 2007 IEEE Conference on"
ETS,"Test Symposium (ETS), 2006 11th IEEE European"
EUCAP,"Antennas and Propagation, Proceedings of the First European Conference on"
EUMC,"Microwave Conference, 2006 European"
EUMIC,"Microwave Integrated Circuits Conference, 2007 European"
EURAD,"Radar Conference, 2006 European"
EUROCON,"EUROCON 2007 - The International Conference on ""Computer as a Tool"""
EUROSIME,"Thermal, Mechanical & Multi-Physics Simulation and Experiments in Microelectronics & Micr System, 2007 International Conference on"
EuroSimeE,"Thermal, Mechanical and Multi-Physics Simulation and Experiments in Microelectronics and Microsystems, 2008 International"
EUWIT,"Wireless Technology, Proceedings of the 2008 European Conference on"
EWSN,"Wireless Sensor Networks, 2005 2nd European Workshop on"
FBIT,"Frontiers in the Convergence of Bioscience and Information Technologies (FBIT 2007), 2007"
FCCM,"Field Programmable Custom Computing Machines (FCCM), 2006 14th Annual IEEE Symposium on"
FCST,"Frontier of Computer Science & Technology (FCST), 2006 Japan-China Joint Workshop on"
FDL,"Specification, Verification and Design Languages (FDL), 2008 Forum on"
FDTC,"Fault Diagnosis and Tolerence Cryptography, 2007 Workshop on"
FG,"Automatic Face & Gesture Recognition, 2008 8th IEEE International Conference on"
FGCN,"Future Generation Communication and Networking (FGCN), 2007 International Conference on"
FGR,"Automatic Face and Gesture Recognition (FGR), Proceedings 2006 7th International Conference on"
FIE,"Frontiers in Education Conference, 2005 IEEE"
FLOSS,"Emerging Trends in FLOSS Research and Development (FLOSS 2007), 2007 First International Workshop on"
FMCAD,"Formal Methods in Computer-Aided Design (FMCAD), 2006"
FOCI,"Foundations of Computational Intelligence, 2007 IEEE Symposium on"
FOCS,"Foundations of Computer Science - FOCS, 2006 IEEE 47th Annual Conference on"
FOSE,"Future of Software Engineering, 2007"
FPL,"Field Programmable Logic and Applications, 2007 International Conference on"
FPS,"Future Power Systems (FPS),2005 International Conference on"
FPT,"Field Programmable Technology, 2006 IEEE International Conference on"
FSKD,"Fuzzy Systems and Knowledge Discovery (FSKD), 2007 International Conference on"
FTDCS,"Future Trends of Distributed Computing Systems - FTDCS, 2007 IEEE 11th Workshop on"
FUMCA,"System Support for Future Mobile Computing Applications, 2006 International Workshop on"
FUSION,"Information Fusion, 2007 Proceedings of the 10th International Conference on"
FUZZY,"Fuzzy Systems, 2007 IEEE International Conference on"
GAAS,"Gallium Arsenide and Other Semiconductors Application, European  Symposium"
GCC,"Grid and Cooperative Computing, 2007 6th International Conference on"
GD,"Gas Discharges and their Applications, 2008 17th International Conference on"
GEFS,"Genetic and Evolving Fuzzy Systems, 2008 3rd International Workshop on"
GENSIPS,"Genomic Signal Processing and Statistics, 2006 IEEE International Workshop on"
GFP,"Group IV Photonics, 2007 4TH IEEE International Conference on"
GI,"Global Internet Symposium, 2007 IEEE"
GIIS,"Global Information Infrastructure Symposium, 2007 First International"
GLOBAL,"Global Telecommunications Conference, GLOBECOM 2006"
GLOBECOM,"Global Telecommunications Conference,  GLOBECOM 2005 - 2005 IEEE"
GLSVLSI,"VLSI, 2008 Great Lakes Symposium on"
GMAI,"Geometric Modeling and Imaging, 2007 International Conference on"
GPC Workshops,"Grid and Pervasive Computing Workshops (GPC Workshops), 2008 3rd International Conference on"
GRC,"Granular Computing, 2006 IEEE International Conference on"
GRID,"Grid Computing (GRID 2005), 2005 6th International Workshop on"
GSIS,"Grey Systems and Intelligent Services, 2007 IEEE International Conference on"
GSMM,"Millimeter Waves, 2008 Global Symposium on"
Haptics,"Haptic Interfaces for Virtual Environment and Teleoperator Systems, 2008 Symposium on"
HASE,"High-Assurance Systems Engineering (HASE), 2007 IEEE International Symposium on"
HAVE,"Haptic Audio Visual Environments and their Applications, 2006 IEEE International Workshop on"
HCMDSS-MD PnP,"High Confidence Medical Devices, Software, and Systems and Medical Device Plug-and-Play Interoperability, 2007 Joint Workshop on"
HDP,"High Density Design Packaging and Microsystem Integration, 2007 International Symposium on"
HEALTHCOM,"Enterprise Networking and Computing in Healthcare Industry, 2006 Workshop on"
HFPP,"Human Factors and Power Plants and HPRCT 13th Annual Meeting, 2007 IEEE 8th"
HICSS,"System Sciences (HICSS), Proceedings 2006 39th Annual Hawaii International Conference on"
HIS,"Hybrid Intelligent Systems (HIS), 2006 2nd International Conference on"
HLDVT,"High Level Design Validation and Test Workshop (HLDVT), 2006 IEEE International"
HOLM,Electrical Contacts - 2007 Proceedings of the 53rd IEEE Holm Conference on Electrical Contacts
HONET,"High Capacity Optical Networks and Enabling Technologies, 2007 International Symposium on"
HOTI,"High-Performance Interconnects (HOTI), 2006 14th IEEE Symposium on"
HotMobile,"Mobile Computing Systems and Applications (HotMobile), 2007 8th IEEE Workshop on"
HotWeb,"Hot Topics in Web Systems and Technologies (HotWeb), 2006 1st IEEE Workshop on"
HPCA,"High Performance Computer Architecture (HPCA), 2007 IEEE 13th International Symposium on"
HPCMP UCG,"User Group Conference, 2006 HPC-UGC"
HPCS,"High-Performance Computing in an Advance Collaborative Environment (HPCS), 2006 20th International Symposium on"
HPDC,"High Performance Distributed Computing, 2006 15TH IEEE International Symposium on"
HPSR,"High Performance Switching and Routing, 2007 Workshop on"
HSI,"Human System Interactions, 2008 Conference on"
HUMANOIDS,"Humanoid Robots, 2006 6th IEEE-RAS International Conference on"
I&CPS,"Industrial and Commercial Power Systems Technical Conference - Conference Record, 2007 IEEE"
IAS,"Information Assurance and Security, 2007 3rd International Symposium on"
IAT,"Intelligent Agent Technology (IAT), 2006 IEEE/WIC/ACM International Conference on"
IAW,"Information Assurance Workshop, 2006 IEEE"
IBCAST,"Applied Sciences & Technology, 2007 Proceedings of International Bhurban Conference on"
IC3N,"Computer Communications and Networks - IC3N 2006, 2006 15th International Conference"
ICAC,"Autonomic Computing, 2006 IEEE International Conference on"
ICACT,"Advanced Communication Technology, 2006 8th International Conference"
ICAL,"Automation and Logistics, 2007 IEEE International Conference on"
ICALIP,"Audio, Language and Image Processing, 2008 International Conference on"
ICALT,"Advanced Learning Technologies (ICALT), 2006 6th IEEE International Conference on"
ICAR,"Advanced Robotics,2005 12th International Conference on"
ICARCV,"Control, Automation, Robotics and Vision, 2006 9th International Conference on"
ICAS,"Autonomic and Autonomous Systems (ICAS), 2006 International Conference on"
ICASSP,"Acoustics, Speech and Signal Processing (ICASSP),  2005 IEEE International Conference on"
ICAST,"Advances in Space Technologies, 2006 International Conference on"
ICAT,"Artificial Reality and Telexistence, 2006 16th International Conference on"
ICATT,"Antenna Theory and Techniques, 2005 5th International Conference on"
ICBBE,"Bioinformatics and Biomedical Engineering, 2007 1st International Conference on"
ICBM,"Management of Mobile Business (ICBM), 2007 6th International Conference on the"
ICC,"Communications, 2007 IEEE International Conference on"
ICCA,"Control and Automation, 2007 IEEE International Conference on"
ICCAD,"Computer-Aided Design Digest of Technical Papers, IEEE/ACM International Conference on"
ICCAS,"Control, Automation and Systems, 2007 International Conference on"
ICCBSS,"Commerical-off-the-Shelf (COTS) Based Software Sstems, 2006 5th International Conference"
ICCC,"Computational Cybernetics, 2006 IEEE International Conference on"
ICCCAS,"Communications, Circuits and Systems, 2006 International Conference on"
ICCCE,"Computer and Communication Engineering, 2008 International Conference on"
ICCD,"Computer Design, Proceedings 2006 International Conference on"
ICCDCS,"Devices, Circuits and Systems, 2006 International Caribbean Conference on"
ICCE,"Consumer Electronics, 2007 Digest of Technical Papers International Conference on"
ICCEP,"Clean Electrical Power, 2007 International Conference on"
ICCES,"Computer Engineering & Systems, 2006 International Conference on"
ICCGI,"Computing in Global Information Technology (ICCGI), 2006 International Multi-Conference on"
ICCI,"Cognitive Informatics, 2006 5th IEEE International Conference on"
ICCIMA,"Computational Intelligence and Multimedia, 2005 6th International Conference on"
ICCIT,"Computer and Information Technology, 2007 10th International Conference on"
ICCP,"Intelligent Computer Communication and Processing, 2007 IEEE International Conference on"
ICCS,"Communication Systems, 2006 10th IEEE Singapore International Conference on"
ICCSA,"Computational Science and Applications, 2007 5th International Confernce on"
ICCSC,"Circuits and Systems for Communications, 2008 4th IEEE International Conference on"
ICCST,"Carnahan Conference on Security Technology, Proceedings 41st Annual 2007 International"
ICCT,"Communication Technology, 2006 International Conference on"
ICCTA,"Computing: Theory and Applications (ICCTA), 2007 International Conference on"
ICCV,"Computer Vision (ICCV 2005), 10th IEEE International Conference on"
ICDAR,"Document Analysis and Recognition, 2007 9th International Conference on"
ICDCS,"Distributed Computing Systems (ICDCS), Proceedings 2006 IEEE International Conference on"
ICDCS Wkshp,"Distributed Computing Systems - Workshops, 25th International Conference on  (ICDCS 2005 Workshops)"
ICDCS Wkshps Su,"Distributed Computing Systems - Workshops: Supplement (ICDCS Workshops 2007 Supplement), 2007 27th International Conference"
ICDCS WKSP,"Distributed Computing Systems Workshops (ICDCS Workshop), Proceeding 2006 26th IEEE International Conference on"
ICDCS Workshops,"Distributed Computing Systems Workshops (ICDCS Workshops), 2007 27th International Conference on"
ICDE,"Data Engineering (ICDE 2007), 2007 IEEE 23rd International Conference on"
ICDE Wkshp,"Data Engineering Workshop, 2007 IEEE 23rd International Conference on"
ICDE WKSP,"Data Engineering Workshops (ICDE workshop), 2006 22nd International Conference on"
ICDIM,"Digital Information Management, 2006 1st International Conference on"
ICDL,"Development and Learning, 2007 IEEE 6th International Conference on"
ICDM,"Data Mining, 6th IEEE International Conference on"
ICDM Wkshp,"Data Mining Workshops (ICDM Workshops), 2006 6th IEEE International Conference on"
ICDM Workshops,"Data Mining - Workshops (ICDM Workshops), 2007 Seventh IEEE International Conference on"
ICDS,"Digital Society (ICDS), 2007 1st International Conference on"
ICDSC,"Distributed Smart Cameras, 2007 First ACM/IEEE International Conference on"
ICDT,"Digital Telecommunications (ICDT), 2006 International Conference on"
ICEAA,"Electromagnetics in Advanced Applications, 2007 International Conference on"
ICEBE,"e-Business Engineering (ICEBE), 2006 IEEE International Conference on"
ICECCS,"Engineering of Complex Systems (ICECCS 2006), 2006 11th IEEE International Conference on"
ICECE,"Electrical and Computer Engineering, 2006 International Conference on"
ICECom,"Applied Electromagnetics and Communications, 2007 19th International Conference on"
ICECS,"Electronics, Circuits and Systems, 2006 13th IEEE International Conference on"
ICEE,"Electrical Engineering, 2007 International Conference on"
ICEEE,"Electrical and Electronics Engineering, 2007 4th International Conference on"
ICEFA,"Electric Fuses and their Applications, 2007 Proceedings of the 8th Intl Conf on"
ICEIS,"Engineering of Intelligent Systems, 2006 IEEE International Conference on"
ICELIE,"E-Learning in Industrial Electronics, 2006 1ST IEEE International Conference on"
ICEM,"Electrical Machines, 2006 Proceedings of the XVII International Conference on"
ICEMI,"Electronic Measurement & Instruments, 2007 8th International Conference on"
ICEMS,"Electrical Machines and Systems, 2007 International Conference on"
ICEPT,"Electronic Packaging Technology, 2007 8th International Conference on"
ICET,"Emerging Technologies, 2006 International Conference on"
ICGSE,"Global Software Engineering (ICGSE), 2006 1st IEEE International Conference"
ICHIT,"Hybrid Information Technology (ICHIT), 2006 International Confernce on"
ICHQP,"Harmonics and Quality of Power (ICHQP), 2008 13th International Conference on"
ICI,"Internet, 2006 2nd IEEE/IFIP International Conference in Central Asia on"
ICIA,"Information Acquisition, 2006 International Conference on"
ICIAFS,"Information and Automation for Sustainability, 2007 Third International Conference on"
ICIAP,"Image Anaylsis & Processing, 2007 14th International Conference on"
ICIAPW,"Image Analysis and Processing Workshops, 2007 International Conference on"
ICIAS,"Intelligent and Advanced Systems, 2007 International Conference on"
ICIASF,"Instrumentation in Aerospace Simulation Facilities, 2005 21st International Congress on"
ICICDT,"IC Design & Technology, 2007 IEEE International Conference on"
ICICIC,"Innovative Computing Information and Control (ICICIC), 2006 1st Internatonal Conference on"
ICICS,"Information, Communications & Signal Processing, 2007 6th International Conference on"
ICICSE,"Internet Computing in Science and Engineering, 2008 International Conference on"
ICICT,"Information & Communications Technology, 2007 ITI 5th International Conference on"
ICIEA,"Industrial Electronics and Applications, 2007 2nd IEEE Conference on"
ICIECA,"Industrial Electronics and Control Applications (ICIECA), 2005 International Conference on"
ICIET,"Information and Emerging Technologies, 2007 International Conference on"
ICIG,"Image and Graphics, 2007 4th International Conference on"
ICIIS,"Industrial and Information Systems, 2006 International Conference on"
ICIMP,"Internet Monitoring and Protection, 2007 2nd International Conference on"
ICIP,"Image Processing, 2006 IEEE International Conference on"
ICIS,"Computer & Information Science (ICIS), 2007 International Conference on"
ICISIP,"Intelligent Sensing and Information Processing, 2005 3rd International Conference on"
ICISP,"Internet Surveillance and Protection (ICISP), 2006 International Conference on"
ICISS,"Information Science and Security (ICISS), 2008 International Conference on"
ICIT,"Information Technology, 2006 9th International Conference on"
ICIW,"Internet and Web Applications and Services (ICIW), 2007 2nd International Conference on"
ICKS,"Informatics Research for Development of Knowledge Society Infrastructure, 2007 International Conference on"
ICM,"Microelectronics, 2006 International Conference on"
ICMA,"Mechatronics and Automation, 2006 International Conference on"
ICMB,"Mobile Business (ICMB), 2006 International Conference on"
ICME,"Multimedia and Expo, 2007 IEEE International Conference on"
ICMENS,"MEMS, NANO, and Smart Systems, 2006 International Conference on"
ICMIT,"Management of Innovation & Technology, 2006 IEEE International Conference on"
ICMLA,"Machine Learning and Applications (ICMLA), 2006 International Conference on"
ICMLC,"Machine Learning and Cybernetics, Proceedings of 2006 International Conference on"
ICMMT,"Microwave and Millimeter Wave Technology, 2007 International Conference on"
ICMSE,"Management Science and Engineering, 2006 International Conference on"
ICMTS,"Microelectronics Test Structures, 2007 IEEE International Conference on"
ICMV,"Machine Vision, 2007 International Conference on"
ICN,"Networking (ICN), 2007 IEEE 6th International Conference on"
ICN/ICONS,"Networking and the International Conference on Systems (ICN/ICONS), 2006 5th International Conference on"
ICNC,"Natural Computation (ICNC), 2007 International Conference on"
ICNLP,"Natural Language Processing and Knowledge Engineering, 2005 International Conference  on"
ICNNB,"Neural Networks and Brain (ICNNB),  2005 International Conference on"
ICNP,"Network Protocols, Proceedings of the 2006 IEEE International Conference on"
ICNS,"Networking and Services (ICNS), 2006 International Conference on"
ICNSC,"Networking, Sensing and Control (ICNSC), 2006 IEEE Intl"
ICOCI,"Computing & Informatics, 2006 International Conference on"
ICOIN,"Information Networking, 2008 The International Conference on"
ICON,"Networks, 2006 14th IEEE International Conference on"
ICONN,"Nanoscience and Nanotechnology, 2006 International Conference on"
ICONS,"Systems (ICONS), 2007 2nd International Conference on"
ICOPS,"Plasma Science, IEEE Conference Record - Abstracts 2007 IEEE International Conference on"
ICORR,"Rehabilitation Robotics, 2007 IEEE 10th International Conference on"
ICPADM,"Properties & Applications of Dielectric Materials, 2006 IEEE 8th International Conference on"
ICPADS,"Parallel and Distributed Systems (ICPADS), 2006 12th International Conference on"
ICPC,"Program Comprehension (ICPC), 2006 14th International Conference on"
ICPCA,"Pervasive Computing and Applications, 2007 2nd International Conference on"
ICPESA,"Power Electronics Systems and Applications, 2006 2nd International Conference on"
ICPP,"Parallel Processing (ICPP), 2006 International Conference on"
ICPP WKSHP,"Parallel Processing Workshops (ICPP 2006 workshops), 2006 International Conference on"
ICPR,"Pattern Recognition (ICPR), 2006 18th International Conference on"
ICPS,"Pervasive Services, 2006 ACS/IEEE International Conference on"
ICPWC,"Personal Wireless Communications, 2005 International Conference on"
ICQNM,"Quantum, Nano and Micro Technologies, 2008 Second International Conference on"
ICRA,"Robotics and Automation, 2005 IEEE International Conference on"
ICRE,"Requirements Engineering, 2005 13th IEEE International Conference on"
ICSC,"Semantic Computing (ICSC), 2007 1st IEEE International Conference on"
ICSCN,"Signal Processing, Communications and Networking, 2007 International Conference on"
ICSD,"Solid Dielectrics, 2007 IEEE International Conference on"
ICSE,"Semiconductor Electronics, 2006 IEEE International Conference on"
ICSEA,"Software Engineering Advances (ICSEA), 2006 International Conferenc on"
ICSE-Companion,"Software Engineering-Companion Volume, 2007 29th International Conference on"
ICSEM,"Systems Engineering and Modeling, 2007 International Conference on"
ICSES,"Signals and Electronic Systems (ICSES), 2008 International Conference on"
ICSET,"Sustainable Energy Technologies, 2008 IEEE International Conference on"
ICSICT,"Solid State and Integrated Circuits Technology (ICSICT), 2006 8th International Conference on"
ICSM,"Software Maintenance (ICSM), 2007 IEEE International Conference on"
ICSMA,"Smart Manufacturing Application, 2008 International Conference on"
ICSNC,"Systems and Networks Communications (ICSNC), 2006 International Conference on"
ICSP,"Signal Processing, 2006 8th International Conference on"
ICSPC,"Signal Processing and Communications, 2007 IEEE International Conference on"
ICSSM,"Service Systems and Service Management, 2007 International Conference on"
ICSSSM,"Service Systems and Service Management, 2006 International Conference on"
ICST,"Software Testing, Verification and Validation, 2008 1st IEEE International Conference on"
ICT,"Thermoelectrics (ICT 2005),  2005 24th International Conference on"
ICTAI,"Tools with Artificial Intelligence (ICTAI), 2006 IEEE Conference on"
ICTD,"Information and Communication Technologies and Development, 2007 International Conference on"
ICT-MICC,"Telecommunications & Malaysia International Conference on Communications, 2007 IEEE International Conf. on"
ICTON,"Transparent Optical Networks, 2006 International Conference on"
ICTTA,"Information & Communication Technologies, 2006 2nd International Conference on"
ICU,"Ultra-Wideband, 2005 IEEE International Conference on"
ICUWB,"Ultra-Wideband, 2007 IEEE International Conference on"
ICVE,"Vacuum Electronics Conference, 2007 IEEE International"
ICVES,"Vehicular Electronics and Safety, 2006 IEEE International Conference on"
ICVS,"Computer Vision Systems (ICVS), Proceedings 2006 IEEE International Conference on"
ICWAPR,"Wavelet Analysis and Pattern Recognition, 2007 International Conference on"
ICWMC,"Wireless and Mobile Communications (ICWMC), 2006 International Conference on"
ICWS,"Web Services (ICWS), 2006 IEEE International Conference on"
IDAACS,"Intelligent Data Acquisition and Advanced Computing Systems Technology and Applications, 2005"
IDC,"Information Decision and Control (IDC), 2007"
IDEAS,"Database Engineering and Applications Symposium (IDEAS), 2006 10th International"
IDT,"Design and Test Workshop, 2007 2nd International"
IECON,"Industrial Electronics IECON, 2005 - 31st Annual Conference of IEEE"
IEDM,"Electron Devices Meeting (IEDM), 2006 IEEE International"
IEEE,"LEOS Summer Topical Meetings, 2008 Digest of the"
IEEE-NANO,"Nanotechnology, 2007 7th IEEE Conference on"
IEEM,"Industrial Engineering and Engineering Management, 2007 IEEE International Conference on"
IEMC,"Engineering Management Conference, 2005 IEEE International"
IEMDC,"Electric Machines & Drives Conference, 2005 IEEE International"
IEMT,"Electronics Manufacturing Technology Symposium, 2006 Thirty-First IEEE/CPMT International"
IFOST,"Strategic Technology, 2006 International Forum on"
IGARSS,"Geoscience and Remote Sensing Symposium, 2005 IEEE International"
IIHMSP,"Intelligent Information Hiding and Multimedia Signal Processing (IIHMSP 2007), 2007 Third International Conference on"
IIH-MSP,"Intelligent Information Hiding and Multimedia Signal Processing (IIH-MSP), 2006 International Conference on"
IISWC,"Workload Characterization (IISWC), 2005 IEEE 8th International Symposium on"
IITA,"Intelligent Information Technology Application, 2007 Workshop on"
IITC,"Interconnect Technology Conference, 2007 IEEE International"
IJCNN,"Neural Network Proceedings, The 2006 IEEE International Joint Conference on"
IM,"Integrated Network Management, 2007 10th IFIP/IEEE International Symposium on"
IMOC,"Microwave and Optoelectronics Conference, 2007 SBMO/IEEE MTT-S International"
IMPACT,"Microsystems, Package, Assembly Conference Taiwan, 2006 International"
IMS,"Measurement Systems for Homeland Security, Contraband Detection & Personal Safety, 2006 IEEE International Workshop on"
IMSCCS,"Computer and Computational Sciences (IMSCCS), 2006 International Multi-Symposium on"
IMTC,"Instrumentation and Measurement Technology Conference Proceedings, 2007 IEEE"
IMVIP,"Machine Vision and Image Processing Conference, 2007 International"
INCC,"Networking and Communications Conference, 2008 IEEE International"
INDICON,"India Conference, 2006 Annual IEEE"
INDIN,"Industrial Informatics, 2005 3rd IEEE International Conference on"
INES,"Intelligent Engineering Systems, 2006 International Conference on"
INFOCOM,INFOCOM 2005
INFOVIS,"Information Visualization, 2005 IEEE Symposium on"
INICA,"Antenna, INICA 2007 International Conference on"
INMIC,"Multitopic Conference, 2006 IEEE International"
INMMIC,"Integrated Nonlinear Microwave and Millimetre-Wave Circuits, 2006 International Workshop on"
Innovations,"Innovations in Information Technologies, 2007"
i-NOW,"Nano-Optoelectronics Workshop, 2007 International"
INSS,"Networked Sensing Systems Technical Digest, 2007 Fourth International Conf"
INTELEC,"Telecommunications Energy Conference, INTELEC 06 - Twenty-Eighth International"
IOLTS,"On-Line Testing Symposium (IOLTS), 2006 IEEE International"
IPC,"Intelligent Pervasive Computing, 2007 International Conference on"
IPCC,"Professional Communication Conference, 2007 IEEE International"
IPCCC,"Performance Computing and Communications Conference, 2006 IEEE International"
IPDPS,"Parallel & Distributed Processing Symposium (IPDPS), 2007 IEEE International"
IPEC,"IPEC, 2007 Conference Proceedings"
IPEMC,"Power Electronics and Motion Control Conference, 2006 5th International"
IPFA,"Physical and Failure Analysis of Integrated Circuit, 2007 14th International Symposium on the"
IPMC,"Power Modulator Conference, 2008 IEEE International"
IPRM,"Indium Phosphide and Related Materials, 2007 International Conference on"
IPSN,"Information Processing in Sensor Networks, Proceedings of the Sixth International Symposium on"
IRI,"Information Reuse & Integration, 2006 IEEE International Conference on"
IRMMW-THz,"Infrared, Millimeter and Terahertz Waves, 2008 33rd International Conference on"
IROS,"Intelligent Robots and Systems, 2005 IEEE/RSJ International Conference on"
IRPS,"Reliability Physics Symposium Proceedings, 2007 IEEE International"
IRS,"Radar Symposium IRS, 2008 Proceedings International"
IRT,"Interactive Ray Tracing, 2006 IEEE Symposium on"
IRW,"Integrated Reliability Workshop Final Report, 2007 IEEE International"
IRWS,"Integrated Reliability Workshop Final Report, 2006 IEEE International"
IS,"Intelligent Systems, 2008 4th International IEEE Conference"
ISA,"Information Security and Assurance, 2008 International Conference on"
ISADS,"Autonomous Decentralized Systems (ISADS 2007), 2007 International Symposium on"
ISAF,"Applications of Ferroelectrics, 2006 15th IEEE International Symposium on"
ISAHUC,"Ad Hoc and Ubiquitous Computing, 2006 International Symposium on"
ISAM,"Assembly and Manufacturing, 2007 IEEE International Symposium on"
ISAP,"Intelligent Systems Applications to Power Systems, 2005 International Conference on"
ISAPE,"Antennas, Propagation & EM Theory, 2006 7th International Symposium on"
ISATP,"Assembly and Task Planning, 2005 IEEE International Symposium on"
ISBI,"Biomedical Imaging:  Macro to Nano, 2006 3rd IEEE International Symposium on"
ISCA,"Computer Architecture, 32nd International Symposium on  (ISCA 2005)"
ISCAS,"Circuits and Systems, Proceedings of 2007 IEEE International Symposium on"
ISCC,"Computers and Communications, 2005 10th IEEE Symposium on"
ISCCSP,"Communications, Control and Signal Processing, 2008 3rd International Symposium on"
ISCE,"Consumer Electronics, 2006 IEEE International Symposium on"
ISCIII,"Computational Intelligence and Intelligent Informatics, 2007 International Symposium on"
ISCIS,"Computer and Information Sciences, 2007 22nd International Symposium on"
ISCIT,"Communications and Information Technologies, 2007 International Symposium on"
ISCN,"Computer Networks, 2006 International Symposium on"
ISDA,"Intelligent Systems Designs and Applications (ISDA 2006), 6th International Conference on"
ISDEIV,"Discharges & Electrical Insulation in Vacuum, 2006 XXII International Symposium on"
ISDPE,"Data, Privacy and E-commerce (ISDPE), 2007 First International Symposium on"
ISDRS,"Semiconductor Device Research Symposium (ISDRS), 2005 International"
ISE,"Electrets, 2005 12th International Symposium on"
ISEE,"Electronics and the Environment, 2005 IEEE International Symposium on"
ISEI,"Electrical Insulation, Conference Record of the 2006 IEEE International Symposium on"
ISEIM,"Environment Identities and Mediterranean Area, 2006 First International Symposium on"
ISESE,"Empirical Software Engineering, 2005 International Symposium on"
ISI,"Intelligence and Security Informatics, 2007 IEEE"
ISIC,"Intelligent Control, Proceedings of the 2007 IEEE International Symposium on"
ISIE,"Industrial Electronics, 2005 IEEE International Symposium on"
ISIP,"Information Processing, 2008 International Symposiums on"
ISIT,"Information Theory, 2005 IEEE International Symposium on"
ISITA,"Information Theory and its Applications, 2008 International Symposium on"
ISITAE,"Information Technologies and Applications in Education,2007 First IEEE International Symposium on"
ISITC,"Information Technology Convergence (ISITC), 2007 International Symposium on"
ISKE,"Intelligent System and Knowledge Engineering, 2008 3rd International Conference on"
ISLC,"Semiconductor Laser Conference, 2006 IEEE 20th International"
ISLPED,"Low Power Electronics and Design, 2006 Proceedings of the International Symposium on"
ISM,"Multimedia (ISM), 2006 IEEE International Symposium on"
ISM Workshops,"Multimedia - Workshops, 2007 Ninth IEEE International Symposium on"
ISMA,"Mechatronics and its Applications, 2008 5th International Symposium on"
ISMAR,"Mixed and Augmented Reality (ISMAR), 2006 IEEE/ACM International Symposium on"
ISMVL,"Multiple-Valued Logic, 2006 International Symposium on"
ISNCC,"Nonsinusoidal Currents and Compensation, 2008 International School on"
ISoLA,"Leveraging Applications of Formal Methods, Verification and Validation (ISoLA), 2006 Second International Symposium on"
ISORC,"Object Oriented Real-Time Distributed Computing (ISORC), 2006 IEEE 9th Symposium on"
ISPA,"Image and Signal Processing and Analysis, Proceedings of the 5th International Symposium on"
ISPACS,"Intelligent Signal Processing and Communications, 2006 International Symposium on"
I-SPAN,"Parallel Architectures, Algorithms, and Networks, 2008 International Symposium on"
ISPASS,"Performance Analysis of Systems & Software, 2006 IEEE International Symposium on"
ISPCS,"Precision Clock Synchronization for Measurement, Control and Communication, 2007 IEEE International Symposium on"
ISPDC,"Parallel and Distributed Computing (ISPDC), 2006 5th International Symposium on"
ISPLC,"Power Line Communications and Its Applications, 2006 IEEE Intl Symp on"
ISPSD,"Power Semiconductor Devices & IC's, 2007 International Symposium on"
ISQED,"Quality Electronic Design, 2006 7th International Symposium  (ISQED)"
ISSCAA,"Systems and Control in Aerospace and Astronautics, 2006 1st International Symposium on"
ISSCC,"Solid-State Circuits Conference, 2005 IEEE International"
ISSCS,"Signals, Circuits and Systems, 2007 International Symposium on"
ISSE,"Electronics Technology, 2006 29th International Spring Seminar on"
ISSM,"Semiconductor Manufacturing, 2006 IEEE International Symposium on"
ISSNIP,"Intelligent Sensors, Sensor Networks and Information Processing, 2005 International Conference on"
ISSPA,"Signal Processing and its Applications, 2007 9th International Symposium on"
ISSPIT,"Signal Processing and Information Technology, 2006 IEEE International Symposium on"
ISSRE,"Software Reliability Engineering (ISSRE), 2006 17th IEEE International Symposium on"
ISSSE,"Signals, Systems and Electronics, 2007 Intl Symp on"
ISSS-MDBS,"Medical Devices and Biosensors, 2007 4th IEEE/EMBS International Summer School and Symposium on"
ISSSTA,"Spread Spectrum Techniques and Applications, 2006 IEEE 9th International Symposium on"
IST,"Imaging Systems and Techniques, 2006 IEEE International Workshop on"
ISTAS,"Technology and Society, 2006 IEEE International Symposium on"
ISTDM,"SiGe Technology and Device Meeting, 2006 International"
ISVD,"Voronoi Diagrams in Science (ISVD), 2006 3rd International Symposium on"
ISVLSI,"VLSI (ISVLSI), Proceedings 2006 IEEE Computer Society Annual Symposium on"
ISWC,"Wearable Computers (ISWC), 2006 10th IEEE International Symposium on"
ISWCS,"Wireless Communication Systems, 2006 3rd International Symposium on"
ISWPC,"Wireless Pervasive Computing, 2007 2nd International Symposium on"
IT,"Information Technology (IT), 2008 1st International Conference on"
ITA,"Information Theory and Applications Workshop, 2007"
ITAB,"Information Technology Applications in Biomedicine, 2007 6th International Special Topic Conference on"
ITC,"Test Conference, 2005 IEEE International"
ITCC,"Information Technology: Coding and Computing, Intl Conf on  (ITCC 2005)"
ITHERM,"Thermal and Thermomechanical Phenomena in Electronic Systems (I-THERM), 2006 10th IEEE Intersociety Conference"
I-THERM,"Thermal and Thermomechanical Phenomena in Electronic Systems, 2008 11th IEEE Intersociety Conference on"
ITHET,"Information Technology Based Higher Education and Training, 2006 7th International Conference on"
ITI,"Information Technology Interfaces, ITI 2006 Proceedings of the 28th International Conference on"
IT-NEWS,"Telecommunication Networking Workshop on QoS in Multiservice IP Networks, 2008 4th International"
ITNG,"Information Technology New Generations (ITNG), 2007 4th International Conference on"
ITRE,"Information Technology: Research and Education, 2006 International Conference on"
ITS,"Telecommunication Symposium, 2006 Proceedings of International"
ITSC,"Intelligent Transportation Systems Conference, 2007 IEEE"
ITST,"ITS Telecommunications, 2006 6th International Conference on"
ITW,"Information Theory Workshop (ITW), 2006 IEEE"
IV,"Intelligent Vehicles Symposium, 2007 IEEE"
IV 2007 Supplemen,"Information Visualisation: Supplement (IV 2007 Supplement), 2007 11th International Conference"
IVEC,"Vacuum Electronics Conference, 2008 IEEE International"
IVMC,"Vacuum Nanoelectronics Conference, 2007 IEEE 20th International"
IWADS,"Autonomous Decentralized Systems, 2005 International Symposium on"
IWAGPR,"Advanced Ground Penetrating Radar, 2007 4th International Workshop on"
IWAISE,"Advanced Information Systems for Enterprises, 2008 International Workshop on"
IWASI,"Advances in Sensors and Interface, 2007 2nd International Workshop on"
IWAT,"Antenna Technology, 2007 International Workshop on"
IWCLD,"Cross Layer Design, 2007 International Workshop on"
IWCMC,"Wireless Communications and Mobile Computing Conference, 2008 International"
IWIA,"Innovative Architecture for Future Generation High Performance, 2005 Intl Workshop on"
IWICSS,"Incorporating COTS Software into Software Systems (IWICSS 2007), 2007 Second International Workshop on"
IWJIT,"Junction Technology, 2007 International Workshop on"
IWJT,"Junction Technology (IWJT), 2006 International Workshop"
IWNAS,"Networking Architecture and Storages (IWNAS), 2006 International Workshop on"
IWNC,"Nano CMOS (IWNC), 2006 International Workshop on"
IWPC,"Program Comprehension (IWPC 2005), 13th International Workshop on"
IWPSD,"Physics of Semiconductor Devices, 2007 International Workshop on"
IWQOS,"Quality of Service, 2006 14th IEEE International Workshop on"
IWSDA,"Signal Design and Its Applications in Communications, 2007 3rd International Workshop on"
IWSOC,"System on Chip for Real Time Applications, 2006 6th International Workshop on"
IWSPM,"Software Product Management (IWSPM), 2006 International Workshop on"
IWSS,"Safety of Systems, 2008 2nd IEEE International Workshop on"
IWSSC,"Satellite and Space Communications, 2006 International Workshop on"
IWSSIP,"Systems, Signals & Image Processing, 2007 14th Intl Conf On Held With Speech & Image Processing, Multimedia Comm & Svcs, 2007"
IWVDVT,"VLSI Design and Video Technology, 2005 IEEE International Workshop on"
IWVR,"Virtual Rehabilitation, 2006 International Workshop on"
IZA,"Communications, 2006 International Zurich Seminar on"
IZS,"Communications, 2008 IEEE International Zurich Seminar on"
JCDL,"Digital Libraries, 2006 IEEE/ACM 6th Joint Conference on"
JVA,"Modern Computing (JVA), 2006 IEEE John Vincent Atanasoff International Symposium on"
KIMAS,"Integration of Knowledge Intensive Multi-Agent Systems, 2007 International Conference on"
KJMW,"Microwave Conference, 2007 Korea-Japan"
KORUS,"Russian-Korean International Symposium on Science and Technology, 2005"
LANMAN,"Local & Metroplitan Area Networks, 2007 15TH IEEE Workshop on"
LANOMS,"Network Operations and Management Symposium, 2007 Latin American"
LAPC,"Loughborough Antennas & Propagation Conference, 2007"
LA-WEB,"Web Congress, 4th Latin American"
LCN,"Local Computer Networks, Proceedings 2006 31st IEEE Conference on"
LCW,"Communications Workshop, 2008 IEEE Lebanon"
LEOS,"LEOS Summer Topical Meetings, 2007 Digest of the"
LESCOPE,"Large Engineering Systems Conference on Power Engineering, 2007"
LFNM,"Laser and Fiber-Optical Networks Modeling, 2006 International Workshop on"
LICS,"Logic in Computer Science, 2006 21st Annual IEEE Symposium on"
LINDI,"Logistics and Industrial Informatics, 2007 International Symposium on"
LISA,"Life Science Systems and Applications Workshop, 2007 IEEE/NIH"
LISAT,"Systems, Applications and Technology Conference, 2006 IEEE Long Island"
M2VIP,"Mechatronics and Machine Vision in Practice, 2007 14th International Conference on"
MAPE,"Microwave, Antenna, Propagation and EMC Technologies for Wireless Communications, 2007 International Symposium on"
MASCOTS,"Modeling Analysis and Simulation of Computer and Telecommunication Systems, 2006 IEEE International Symposium on"
MASS,"Mobile Adhoc and Sensor Systems (MASS), 2006 IEEE International Conference on"
MCDM,"Computational Intelligence in Multi-Criteria Decision-Making, 2007 IEEE Symposium on"
MCETECH,"e-Technologies, 2008 International MCETECH Conference on"
MCWC,"Mobile Computing and Wireless Communication International Conference, 2006 Proceedings of the First"
MDBS,"Medical Devices and Biosensors, 2008 5th International Summer School and Symposium on"
MDM,"Mobile Data Management (MDM), 2007 International Conference on"
MED,"Control and Automation, 2006 Proceedings of the 14th Mediterranean Conference on"
MediVis,"Medical Information Visualisation- Biomedical Visualisation (MediVis), 2007 International Conference on"
MEGAGUSS,"Magnetic Field Generation & Related Topics, 2006 IEEE International Conference on Megagauss"
MELECON,MELECON 2006 - 2006 IEEE Mediterranean Electrotechnical Conference
MEMEA,"Medical Measurement and Applications, 2006 IEEE International Workshop on"
MEMIA,"Microwave Electronics: Measurement, Identification, Applications, 2005 5th International Conference on"
MEMOCODE,"Formal Methods and Models for Co-Design, 2006 4TH IEEE/ACM International Conference on"
MEMS,"Micro Electro Mechanical Systems, Proceedings IEEE The Twentieth Annual International Conference on"
MEMS/MOEMS,"Design, Test, Integration & Packaging on MEMS/MOEMS, 2008 Symp on"
MEMSTECH,"Perspective Technologies and Methods in MEMS Design, Proceedings of the 3rd International Conference on"
MEPCON,"Power System Conference, 2008 12th International Middle East"
MeRE,"Multimedia Requirments Engineering Beyond Mere Descriptions (MeRE), 2006 1st International Workshop on"
MFI,"Multisensor Fusion and Integration for Intelligent Systems, 2006 IEEE International Conference on"
MHS,"Micro-NanoMechatronics and Human Science, 2005 IEEE International Symposium on"
MICAI,"Artificial Intelligence (MICAI), 2006 5th Mexican International Conference on"
MICC-ICON,"Communications and IEEE International Conference on Networks (MICC & ICON 2005),  2005 IEEE Malaysia International Conference"
MIC-CPE,"Communications, Propagation and Electronics, 2008 Mosharaka International Conference on"
MICRO,"Microarchitecture (MICRO), 2006 39th IEEE/ACM International Symposium on"
MICRORAD,"Microwave Radiometry and Remote Sensing of the Environment, 2008"
MIEL,"Microelectronics, 2006 25th International Conference on (MIEL)"
MIKON,"Microwaves, Radar & Wireless Communications - MIKON, 2006 International Conference on"
MILCOM,"MILITARY COMMUNICATIONS CONFERENCE, 2006 - MILCOM 2006"
MISE,"Modeling in Software Engineering (MISE 2007), 2007 International Workshop on"
MIXDES,"Mixed Design of Integrated Circuits and System, Proceedings of the 14th International Conference"
MLSP,"Machine Learning for Signal Processing, 2005 IEEE Workshop on"
MMB,"Microtechnologies in Medicine and Biology, 2006 International Conference on"
MMET,"Mathematical Methods in Electromagnetic Theory, 2006 International Conference on"
MMM,"Multi-Media Modeling (MMM 2005), 11th International Conference"
MMSP,"Multimedia Signal Processing, 2006 IEEE Workshop on"
MNC,"Microprocesses and Nanotechnology Conference, 2005 International"
MobiQuitous,"Mobile and Ubiquitous Systems: Networking & Services (MobiQuitous), 2007 Fourth Annual International Conference on"
MOEMS,"Optical MEMs and Their Applications (MOEMS), 2006 IEEE/LEOS International Conference on"
MOMPES,"Model Based Methodologies for Pervasive and Embedded Software (MOMPES), 2007 IEEE 4th International Workshop on"
MonAM,"Monitoring, Attack Detection and Mitigation, 2007 Workshop on"
MOVE,"Mobile Networks for Vehicular Environments, 2007"
MSE,"Microelectronic Systems Education (MSE), 2007 IEEE International Conference on"
MSMW,"Physics and Engineering. of Millimeter and Sub-Millimeter Waves, 2007 International Kharkov Symposium"
MSR,"Mining Software Repositories (MSR), 2007 4th International Workshop on"
MSST,"Mass Storage Systems and Technology, 2005 IEEE International Symposium on"
MTDT,"Memory Technology Design and Testing (MTDT), 2006 IEEE International Workshop on"
MTT,"Microwave Symposium Digest, 2007 IEEE MTT-S International"
MTV,"Microprocessor Test and Verification (MTV), 2006 IEEE International Workshop on"
MUE,"Multimedia and Ubiquitous Engieering (MUE), 2007 International Conferenc on"
Multi-Temp,"Analysis of Multi-temporal Remote Sensing Images, 2007 International Workshop on the"
MWCAS,"Circuits and Systems, 2007 50th Midwest Symposium on"
MWCN,"Mobile Wireless Communications Networks, 2007 9th IFIP International Conference on"
MWP,"Microwave Photonics (MWP 2006), 2006 International Topical Meeting"
MWSCAS,"Midwest Symposium on Circuits and Systems, 2006 49th"
NAFIPS,"North American Fuzzy Information Processing Society, 2006 Annual Meeting of the"
NANO,"Nanotechnology, 2005 5th IEEE Conference on"
NANOARCH,"Nanoscale Architecture (NANOARCH), 2007 IEEE International Symposium on"
NAPS,"North American Power Symposium, 2006 38th"
NAS,"Networking Architecture and Storage, 2007 International Conference on"
NCA,"Network Computing and Applications (NCA), 2006 5th IEEE International Symposium on"
NCTT-MCP,"Telecommunication Technologies jointly held with 2nd Malaysia Conference on Photonics, 2008 6th National Conference on"
NDS,"Multidimensional (ND) Systems (NDS 2005), 2005 International Workshop on"
NEC,"Nanoelectronics Conference, 2008 2nd IEEE International"
NEMS,"Nano/Micro Engineered and Molecular Systems, 2007 2nd IEEE International Conference on"
NETCOD,"Network Coding, Theory, and Applications, 2008 Fourth Workshop on"
NETWORKS,"Networks, 2008 Budapest Hungary"
NEURAL,"Neural Network Applications in Electrical Engineering (NEUREL 2006), 2006 8th Seminar on"
NEWCAS,"Circuits and Systems, 2006 IEEE North-East Workshop on"
NFSI-ICFBI,"Noninvasive Functional Source Imaging of the Brain and Heart and the International Conference on Functional Biomedical Imaging, 2007"
NGI,"Next Generation Internet Networks-3rd EURO-NGI Conference on Next Generation Internet Networks Design and, 2007"
NGMAST,"Next Generation Mobile Applications Services & Technologies (NGMAST), 2007 International Conference on"
NLP-KE,"Natural Language Processing and Knowledge Engineering, 2007 International Conference on"
NMDC,"Nanotechnology Materials and Devices Conference, 2006 IEEE"
NOCS,"Networks-on-Chips (NoCS), 2007 International Symposium on"
NOMS,"Network Operations and Management Symposium, NOMS, 2006"
NORCHIP,"NORCHIP, 2005"
NORSIG,"Signal Processing Symposium, 2006 7th Nordic"
NPC,"Network and Parallel Computing Workshops, 2007 IFIP International Conference on"
NPSEC,"Secure Network Protocols (NPSec), 2005 IEEE International Conference on"
NPSS-RT,"Real Time Conference, 2005 14th IEEE-NPSS"
NRSC,"National Radio Science Conference, 2006 23rd"
NSIP,"Nonlinear Signal & Image Processing, 2005 Workshop on"
NSS,"Nuclear Science Symposium and Medical Imaging Conference, 2005 IEEE"
NSSPW,"Nonlinear Statistical Signal Processing Workshop, 2006 IEEE"
NUSOD,"Numerical Simulation of Semiconductor Optoelectronic Devices, 2006 International Conference on"
NVMTS,"Non-Volatile Memory Technology Symposium (NVMTS), 2006"
NVSM,"Non-Volatile Semiconductor Memory Workshop (NVSMW), 2006 21st IEEE"
NVSMW,"Non-Volatile Semiconductor Memory Workshop, 2007 22nd IEEE"
NVSMW/ICMTD,"Non-Volatile Semiconductor Memory Workshop & International Conference on Memory Technology and Design, 2008 Joint"
NWESP,"Next Generation Web Services Practices (NWESP), 2006"
OCEANS,OCEANS 2005
OCEANS Kobe,OCEANS 2008 - MTS/IEEE Kobe Techno-Ocean
ODS,"Optical Data Storage Topical Meeting (ODS), 2006"
OFC,"Optical Fiber Communication & Expo and the National Fiber Optic Engineers Conference, 2005"
OMENS,"Optical MEMS and Nanophotonics, 2007 IEEE/LEOS International Conference on"
ONDM,"Optical Network Design and Modelling, 2005 Conference on"
OPT,"Optoelectronic Physics and Technology, 2007 International Workshop on"
OPT MEMS,"Optical MEMS and Nanopotonics, 2008 IEEE/LEOS International Conference on"
OPTIM,"Optimization of Electrical and Electronic Equipment, 2008 11th International Conference on"
P2P,"Peer-to-Peer Computing (P2P), 2006 6th IEEE International Conference on"
PAC,"Particle Accelerator Conference, 2007 IEEE"
PacificVis,"Pacific Visualization Symposium, 2008 IEEE"
PACRIM,"Communications, Computers and Signal Processing (PacRim), 2005 IEEE Pacific Rim Conference on"
PACT,"Parallel Architectures and Compilation Techniques (PACT), 2007 International Conference on"
PADS,"Principles of Advanced and Distributed Simulation (PADS), 2006 Workshop on"
PARELEC,"Parallel Computing in Electrical Engineering (PARELEC), 2006 International Conference on"
PBG,"Point-Based Graphics,2005 Symposium on"
PCC,"Power Conversion Conference - Nagoya,  2007"
PCIC,"Petroleum and Chemical Industry Conference,Record of Conference Papers Industry Applications Society 52nd Annual"
PCIC EUROPE,"Electrical and Instrumentation Applications in the Petroleum & Chemical Industry, 2008 5th European Conference on"
PDCAT,"Parallel and Distributed Computing Applications and Technologies (PDCAT), 2006 7th International Conference on"
PDP,"Parallel Distributed & Network-Based Processing, 2007 15th Euromicro International Conference on"
PECON,"Power and Energy Conference, 2006 1st IEEE International"
PEDES,"Power Electronics, Drives and Energy Systems for Industrial Growth, 2006 International Conference on"
PEDS,"Power Electronics and Drive Systems, 2007 International Conference on"
PEEW,"Power Electronics Education Workshop, 2005 IEEE"
PERCOM,"Pervasive Computing and Communications (PERCOM), 2007 IEEE International Conference on"
PERCOM SUPPLE,"Pervasive Computing and Communications Workshop Supplements, 2006 4th IEEE Conference on"
PERCOM Wkshp,"Pervasive Computing and Communications Workshop, 2007 5th Annual IEEE International Conference on"
PERCOM WKSP,"Pervasive Computing and Communications Workshops, 2006 4th Annual IEEE Conference on  (PerCom Workshops)"
PERCOM Worksho,"Pervasive Computing and Communications Workshops, Third IEEE International Conference on  (PerCom 2005 Wksp)"
PES,"Power Engineering Society General Meeting, 2007 IEEE"
PESC,"Power Electronics Specialists Conference, 2006"
PG,"Computer Graphics and Applications (Pacific Graphics), 2007 15th Pacific Conference on"
PHM,"Prognostics and Health Management, 2008 International Conference on"
PICMET,"Technology Management for the Global Future, 2006"
PIMRC,"Personal, Indoor and Mobile Radio Communications, 2006 IEEE 17th International Symposium on"
PIRMC,"Personal, Indoor and Mobile Radio Communications,2005 IEEE 16th International Symposium on"
PLANS,"Position, Location and Navigation Symposium - PLANS 2006, 2006 IEEE/ION"
PLT,"Pen-Based Learning Technologies (PLT), 2007 1st International Workshop on"
PMA,"Plant Growth Modeling, Simulation, Visualization and Applications (PMA), 2006 International Symposium on"
PMAPS,"Probabilistic Methods Applied to Power Systems, 2006 International Conference on"
POLICY,"Policies for Distributed Systems and Networks (POLICY), 2006 7th IEEE Workshop on"
Polytronic,"Polmyers and Adhesives in Microelectronics and Photonics, Polytronic 2007 - 6th International Conference on"
PORTABLE,"Portable Information Devices, 2007 IEEE International Conference on"
PowerAfrica,"Power Engineering Society Conference and Exposition in Africa, 2007 IEEE"
POWERCON,"Power Systems Technology POWERCON, 2006 International Conference on"
POWERENG,"Power Engineering, Energy and Electrical Drives, 2007 International Conference on"
PowerTech,"POWERTECH, 2005 IEEE Russia"
PPIC,"Pulp and Paper Industry Technical Conference, Conference Record of 2007 Annual"
PPPS,"Pulsed Power Conference, 2007 IEEE"
PRDC,"Dependable Computing, 2005 11th Pacific Rim International Symposium on"
PRIME,"Microelectronics and Electronics, 2006 Ph.D. Research in"
PROMISE,"Predictor Models in Software Engineering (PROMISE 2007), 2007 Third International Workshop on"
PS,"Photonics in Switching, 2007"
PSC,"Power Systems Conference, 2007"
PSCE,"Power Systems Conference and Exposition, 2006 IEEE/PES"
PSES,"Product Safety Engineering, 2006 IEEE Symposium on"
PVSC,"Photovoltaic Specialists Conference, 2005 31st IEEE"
QBSC,"Communications, 2008 24th Biennial Symposium on"
QEL,"Quantum Electronics and Laser Science Conference, 2007"
QELS,"Quantum Electronics & Lasers Science, 2005 Conference on"
QEST,"Quantitative Evaluation QEST 2006, 2006 2nd International Conference on"
QSIC,"Quality Software, 2005 5th International Conference on"
QUATIC,"Quality of Information and Communication Technology (QUATIC), 2007 6th International Conference on the"
RADAR,"Radar Conference, 2008 IEEE"
RADECS,"Radiation and Its Effects on Components and Systems (RADECS 2005), 2005 8th European Conference on"
RADIOELEKTRON,"Radioelektronika, 2008 18th International Conference"
RAM,"Robotics, Automation and Mechatronics, 2006 IEEE Conference on"
RAMS,"Reliability and Maintainability Symposium, 2007 Proceedings - Annual"
RAST,"Recent Advances in Space Technologies, 2007 3rd International Conference on"
RCIS,"Research Challenges in Information Science, 2008 Second International Conference on"
RE,"Requirements Engineering Conference (RE),2006 IEEE International"
REBSE,"Realising Evidence-Based Software Engineering (REBSE 2007), 2007 Second International Workshop on"
ReConfig,"Reconfigurable Computing and FPGAs ReConFig 2006, 2006 International Conference on"
REPC,"Rural Electric Power Conference, 2006 IEEE"
REV,"Requirements Engineering Visualization (REV), 2006 1st International Workshop on"
RFIC,"Radio Frequency Integrated Circuits Symposium, 2007 IEEE"
RFID,"RFID, 2007 IEEE International Conference on"
RFIT,"Radio-Frequency Integration Technology (RFIT): Integrated Circuits for Wideband Comm. & Wireless Sensor Network, 2005 IEEE Intl."
RIDE,"Research Issues in Data Engineering, 2005 15th International Workshop on"
RIVF,"Research, Innovation and Vision for the Future, 2006 International Conference on"
ROBIO,"Robotics and Biomimetics (ROBIO), 2005 IEEE International Conference on"
ROCS,"Reliability of Compound Semiconductors Digest, 2007"
ROMAN,"Robot and Human Interactive Communication, 2005 IEEE International Workshop on"
RO-MAN,"Robot and Human Interactive Communication, 2008 17th IEEE International Symposium on"
ROMOCO,"Robot Motion and Control - (RoMoCo 2005),  2005 5th Workshop on"
ROSE,"Robotic Sensing: Roboticand Sensors Environments, 2005 International Workshop on"
RRS,"Rational Robust and Secure Negotiations in Multi-Agent Systems, 2005"
RSP,"Rapid System Prototyping (RSP), 2006 17th IEEE Symposium on"
RT,"Real-Time Conference, 2007 15th IEEE-NPSS"
RTAS,"Real-Time and Embedded Technology and Application Symposium (RTAS), 2006 Proceedings 12th IEEE"
RTCSA,"Embedded and Real-Time Computing Systems and Applications (RTCSA), 2006 12th International Conference on"
RTP,"Advanced Thermal Processing of Semiconductors, 2006 14th International Conference on"
RTSS,"Real-Time Systems Symposium (RTSS), 2006 IEEE 27th"
RuleML,"Rules and Rule Markup Languages for the Semantic Web (RuleML), 2006 2nd International Conference on"
RWS,"Radio and Wireless Symposium (RWS),  2006 IEEE"
SACI,"Applied Computational Intelligence and Informatics, 2007 4th International Symposium on"
SADFE,"Systematic Approaches to Digital Forensic Engineering, 2005 1st International Workshop on"
SAFE,"Signal Processing Applications for Public Security and Forensics, 2007 IEEE Workshop on"
SAINT,"Applications and the Internet (SAINT), 2007 International Symposium on"
SAINT WKSHP,"Applications and the Internet Workshops, 2006 Symposium on"
SAM,"Sensor Array and Multichannel Signal Processing Workshop, 2006 IEEE"
SAMI,"Applied Machine Intelligence and Informatics, 2008 6th International Symposium on"
SAMOS,"Embedded Computer Systems: Architectures, Modeling, and Simulation (SAMOS), 2007 International Conference on"
SARNOFF,"Sarnoff Symposium, 2008 IEEE"
SAS,"Sensors Applications Symposium, 2007 IEEE"
SASO,"Self-Adaptive and Self-Organizing Systems, 2007 1st IEEE International Conference on"
SBAC-PAD,"Computer Architecture and High Performance Computing (SBAC-PAD), 2006 18th International Symposium on"
SBCCI,"Integrated Circuits and Systems Design, 2005 18th Symposium on"
SBRN,"Artificial Neural Networks (SBRN), 2006 Brazilian Symposium on"
SC,"SC07 Conference, ACM/IEEE"
SCAM,"Source Code Analysis and Manipulation, 2005 IEEE Workshop on  (SCAM 2005)"
SCAN,"Scientific Computing Arithmetic and Validated Numerics SCAN, 2006"
SCC,"Services Computing, 2006 IEEE International Conference on"
SCCC,"Chilean Computer Science Society (SCCC), 2007 XXVI International Conference of the"
SCESM,"Scenarios and State Machines (SCESM 2007), 2007 Sixth International Workshop on"
SCONEST,"Engineering Sciences and Technology (SCONEST), 2005 Student Conference on"
SCORED,"Research and Development, 2006 4th Student Conference on"
SCVT,"Communications and Vehicular Technology in the Benelux, 2007 14th IEEE Symposium on"
SDEMPED,"Diagnostics for Electric Machines, Power Electronics & Drives, 2007 IEEE International Symposium on"
SDR,"Networking Technologies for Software Defined Radio Networks, 2007 2nd IEEE Workshop on"
SDSOA,"Systems Development in SOA Environments (SDSOA 2007), 2007 International Workshop on"
SE,"Software Evolvability (SE), 2006"
SEAA,"Software Engineering and Advanced Applications (SEAA), 2006 32nd Euromicro Conference on"
SEAMS,"Software Engineering for Adaptive and Self-Managing Systems (SEAMS), 2007 International Workshop on"
SEAS,"Software Engineering for Automotive Systems (SEAS), 2007 Fourth International Workshop on"
SECON,"Sensor and Ad Hoc Communications and Networks, 2006 3rd Annual IEEE Communications Society Conference on"
SecPerU,"Security Privacy and Trust in Pervasive and Ubiquitous Computing (SecPeru), 2006 2nd International Workshop on"
SECURECOM,"Security and Privacy in Communication Networks and Workshops, 2007 Third International Conference on"
SECURWARE,"Emerging Security Information, Systems, and Technologies, 2007 International Conference on"
SEFM,"Software Engineering and Formal Methods (SEFM), 2006 IEEE International Conference on"
SE-HPC,"Software Engineering for High Performance Computing Applications (SE-HPC 2007), 2007 Third International Workshop on"
SEMI-THERM,"Semiconductor Thermal Measurement & Management Symposium, 2006 IEEE/CPMT"
SENSORCOMM,"Sensor Technologies and Applications, 2007 International Conference on"
SEPCASE,"Software Engineering for Pervasive Computing Applications, Systems, and Environments (SEPCASE 2007), 2007 First Interntaional"
SERA,"Software Engineering Research Management & Applications (SERA), 2006 4th International Conference on"
SERVICES,"Services Computing Workshops, 2007 IEEE"
SESS,"Software Engineering for Secure Systems (SESS 2007), 2007 Third International Workshop on"
SEW,"Software Engineering Workshop (SEW), 2006 30th IEEE/NASA"
SHARK/ADI,"Sharing and Reusing Architectural Knowledge Architecture Rationale and Design Intent SHARK/ADI, 2007 2nd Workshop on"
SI,"System Integration, 2008 IEEE/SICE International Symposium on"
SIBCON,"Control and Communications, 2007 Siberian Conference on"
SIBGRAPI,"Computer Graphics and Image Processing (SIBGRAPI), 2006 19th Brazilian Symposium on"
SIBIRCON,"Computational Technologies in Electrical and Electronics Engineering, 2008 IEEE Region 8 International Conference on"
SICE,"SICE 2007 Annual Conference, Proceedings of"
SICON,"Sensors for Industry Conference, 2005"
SIEDS,"Systems and Information Engineering Design Symposium, 2006 IEEE"
SIES,"Industrial Embedded Systems, 2006 International Symposium on"
SIIT,"Standardization & Innovation in Information Technology (SIIT 2005), 2005 4th International Conference on"
SIPS,"Signal Processing Systems Design and Implementation, 2006 IEEE Workshop on"
SIRF,"Silicon Monolithic Integrated Circuits in RF Systems, 2007 Topical Meeting on"
SIS,"Swarm Intelligence Symposium, 2007 IEEE"
SISAP,"Similarity Search and Applications, 2008 First International Workshop on"
SISPAD,"Simulation of Semiconductor Processes and Devices, 2006 International Conference on"
SISW,"Security in Storage Workshop (SISW), 2007 4th International IEEE"
SISY,"Intelligent Systems & Informatics, 2007 5th Intl Symp on"
SITIS,"Signal-Image Technologies and Internet-Based System, 2007 Third International IEEE Conference on"
SIU,"Signal Processing and Communications Applications, 2007 IEEE 15th"
SKG,"Semantics Knowledge and Grid (SKG), 2006 2nd International Conference on"
SLT,"Spoken Language Technology Workshop, 2006 IEEE"
SMAP,"Semantic Media Adaptation and Personalization, 2006 1st International Workshop on"
SMC,"Systems, Man and Cybernetics, 2006 IEEE International Conference on"
SMCIA,"Soft Computing in Industrial Applications, 2005 IEEE Mid-Summer Workshop on"
SMC-IT,"Space Mission Challenges for Information Technology (SMC-IT), 2006 IEEE International Conference on"
SMI,"Shape Modeling International (SMI), 2006"
SNAPI,"Storage Network Architecture and Parallel I/Os, 2007 Fourth International Workshop on"
SNDP,"Software Engineering Artificial Intelligence Networking and Parallel Distributed Computing, 2006 7th International Conference on"
SNPD,"Software Engineering Artificial Intelligence Networking and Parallel Distributed Computing, 2007 8th ACIS International Conference on"
SNW,"Silicon Nanoelectronics Workshop, 2008 IEEE"
SOC,"SOC Conference, 2006 IEEE International"
SOCA,"Service-Oriented Computing Applications (SOCA), 2007 IEEE International Conference on"
SOCC,"SOC Conference, 2005 IEEE International"
SOCCER,"Service Oriented Computing: Consequences for Engineering Requirements (SOCCER), 2006"
SOFA,"Soft Computing Applications, 2007 2nd International Workshop on"
SOFE,"Fusion Engineering SOFE 07, 22nd IEEE/NPSS Symposium on"
SOFTCOM,"Software in Telecommunications and Computer Networks, 2006 International Conference on"
SOI,"SOI Conference Proceedings, 2007 IEEE International"
SOLI,"Service Operations and Logistics, and Informatics, 2007 IEEE International Conference on"
SOSE,"System of Systems Engineering, 2006 IEEE/SMC International Conference on"
SOUTHEASTCON,SOUTHEASTCON 2005
SP,"Security and Privacy (SP), 2007 IEEE Symposium on"
SPA,"Signal Processing Algorithms, Architectures, Arrangements, and Applications, 2007"
SPAWC,"Signal Processing Advances in Wireless Communications, 2006 IEEE 7th Workshop on"
SPCA,"Pervasive Computing and Applications, 2006 1st International Symposium on"
SPEEDAM,"Power Electronics, Electrical Drives, Automation and Motion, 2006 International Symposium on"
SPI,"Signal Propagation on Interconnects, 2006 IEEE Workshop on"
SPL,"Programmable Logic, 2007 3rd Southern Conference on"
SPLC,"Software Product Line Conference (SPLC), 2006 10th International"
SRDS,"Reliable Distributed Systems (SRDS 2006), 2006 IEEE 25th Symposium on"
SRSP,"Secuirty and Privacy (SRSP), 2006 IEEE Symposium on"
SSD,"Systems, Signals and Devices, 2008 5th International Multi-Conference on"
SSDBM,"Scientific and Statistical Database Management (SSDBM), 2006 International Conference"
SSIAI,"Image Analysis & Interpretation (SSIAI), 2006 IEEE Southwest Symposium on"
SSP,"Statistical Signal Processing, 2007 IEEE/SP 14th Workshop on"
SSRR,"Safety, Security, & Rescue Robots, 2005 IEEE International Workshop on"
SSST,"System Theory, Proceedings of the Thirty-Ninth Southeastern Symposium on"
STEP,"Software Technology and Engineering Practice (STEP), 2005 IEEE International Workshop on"
SUTC,"Sensor Networks, Ubiquitous, and Trustworthy Computing (SUTC), 2006 Conference on"
SWOD,"Databases for Next Generation Researchers (SWOD), 2007 IEEE International Workshop on"
SWSTE,"Software-Science, Technology Engineering, IEEE Intl Conf on (SwSTE 2005)"
SYMPOTIC,"Sensor Networks and Symposium on Trends in Communications - SympoTIC, 2006 3rd Joint IST Workshop on"
SYNASC,"Symbolic and Numeric Algorithms for Scientific Computing, 2006 8th International Symposium on"
T&D,"Transmission & Distribution Conference & Exposition, 2005/2006 IEEE/PES"
TABLETOP,"Horizontal Interactive Human Computer System (TABLETOP),2006 IEEE International Workshop on"
TAIC PART,"Testing: Academic and Industrial Conference - Practice and Research Techniques (TAIC PART), 2007"
TAIC-PART,"Testing Academia and Industry Conference Practice and Research Techniques (TAIC-PART), 2006"
TAPIA,"Computing Conference, 2005 Richard Tapia Celebration of Diversity in"
TASE,"Theoretical Aspects of Software Engineering (TASE), 2007 1st IEEE/IFIP International Symposium on"
TCSET,"Modern Problems of Radio Engineering, Telecommunications and Computer Science, 2006 Proceedings of International Conference on"
TEDC,"Technology for Education in Developing Countries (TEDC), 2006 IEEE International Workshop on"
TELSIKS,"Telecommunication in Modern Satellite, Cable and Broadcasting Services, 2005 7th International Conference on"
TENCON,TENCON 2006 - 2006 IEEE Region 10 Conference
THERMINIC,"Thermal Investigation of ICs and Systems, 2007 13th International Workshop on"
THETA,"Thermal Issues in Emerging Technologies - Theory and Application, 2007 International Conference on"
TIME,"Temporal Representation and Reasoning (TIME), 2006 13th International Symposium on"
TRANSDUCERS,"Solid-State Sensors, Actuators and Microsystems Conference, TRANSDUCERS 2007 - 2007 International"
TRIDENTCOM,"Testbeds and Research Infrastructure for the Development of Networks and Communities, 2007 3rd International Conference on"
TyD-LA,"Transmission and Distribution Conference and Exposition: Latin America, 2008 IEEE/PES"
UBICOMM,"Mobile Ubiquitous Computing, Systems, Services and Technologies (UBICOMM 2007), 2007 International Conference on"
UGIM,"Biennial University/Government Industry Microelectronics Symposium, 2006 Proceedings of the Sixteenth"
UKSIM,"Computer Modeling and Simulation, 2008 Tenth International Conference on"
ULIS,"Ultimate Integration of Silicon, 2008 9th International Conference on"
ULS,"Software Technologies for Ultra-Large-Scale Systems (ULS 2007), 2007 International Workshop on"
U-Media,"Ubi-media Computing, 2008 First IEEE International Conference on"
UPEC,"Universities Power Engineering Conference,Proceedings of the 41st International"
VAST,"Visual Analytics Science and Technology (VAST), 2006 IEEE Symposium on"
VECIMS,"Virtual Environments, Human-Computer Interfaces and Measurement Systems, 2006 IEEE Symposium on"
VG,"Volume Graphics,2005 IEEE International Workshop on"
VIS,"Visualization Conference (VIS), 2005 IEEE"
VISSOFT,"Visualizing Software for Understanding and Analysis (VISSOFT), 2007 4th IEEE International Workshop on"
VL/HCC,"Visual Languages/Human Centric Computing (VL/HCC), 2006 IEEE Symposium on"
VLHCC,"Visual Languages and Human-Centric Computing (VL/HCC), 2007 IEEE Symposium on"
VLSI DESIGN,"VLSI Design, 2007 20th International Conference on"
VLSIC,"VLSI Circuits, 2008 IEEE Symposium on"
VLSI-DAT,"VLSI Design, Automation and Test, 2007 International Symposium on"
VLSI-SoC,"Very Large Scale Integration, 2007 IFIP International Conference on"
VLSIT,"VLSI Technology, 2007 Symposium on"
VLSI-TAS-TECH,"VLSI Technology, Systems, and Applications, 2007 International Symposium on"
VLSI-TSA,"VLSI-TSA International Symposium on VLSI Technology, 2005"
VLSI-TSA-TECH,"VLSI Technology, Systems, and Applications, 2006 International Symposium on"
VPPC,"Vehicle Power and Propulsion Conference, 2006 IEEE"
VR,"Virtual Reality Conference (VR), 2007 IEEE"
VSS,"Variable Structure Systems, 2006 International Workshop on"
VTC,"Vehicular Technology Conference Fall, 2007 IEEE 66th"
VTDC,"Virtualization Technology in Distributed Computing (VTDC 2006), 2006 First International Workshop on"
VTS,"VLSI Test Symposium (VTS),Proceedings 2006 24th"
WAC,"World Automation Congress, 2006"
WACV,"Computer Vision (WACV), 2007 IEEE Workshop on Applications of"
WAIM,"Web-Age Information Management Workshops (WAIM), 2006 7th International Conference on"
WAMI,"Wireless and Microwave Technology Conference: An IEEE Industry/Government/Education Confernce, 2005 IEEE Annual"
WAMICON,"Wireless and Microwave Technology Conference, 2006 IEEE Annual"
WASA,"Wireless Algorithms Systems and Applications (WASA), 2007 International Conference on"
WASPAA,"Applications of Signal Processing to Audio and Acoustics, 2005 IEEE Workshop on"
WCICA,"Intelligent Control and Automation, 2006 6th World Congress on"
WCMeB,"Management of e-Business, 2007 World Congress"
WCNC,"Wireless Communications & Networking Conference (WCNC), 2006 IEEE"
WCNM,"Wireless Communications, Networking and Mobile Computing,  2005 International Conference on"
WCRE,"Reverse Engineering, 2006 13th Working Conference on"
WCSN,"Wireless Communication and Sensor Networks, 2007 Third International Conference on"
WCW,"Web Content Caching and Distribution, 2005 10th International Workshop on"
WDFIA,"Digital Forensics and Incident Analysis (WDFIA), 2007 2nd Annual Workshop on"
WEAH,"Evolvable and Adaptive Hardware, 2007 IEEE Workshop on"
WETICE,"Enabling Technologies: Infrastructure for Collaborative Enterprises (WETICE), 2006 IEEE 15th Workshop on"
WFCS,"Factory Communication Systems, 2006 IEEE International Workshop on"
WFOPC,"Fibre and Optical Passive Components, 2005 IEEE Workshop on"
WHC,World Haptics Conference (WHC 2005)
WI,"Web Intelligence (WI), 2006 IEEE/WIC/ACM International Conference on"
WIAMIS,"Image Analysis for Multimedia Interactive Services (WIAMIS), 2007 Eighth International Workshop on"
WiCOM,"Wireless Communications, Networking and Mobile Computing, 2008 4th International Conference on"
WICON,"Wireless Internet, 2005 1st International Conference on"
WICSA,"Software Architecture (WICSA), 2007 Working IEEE/IFIP Conference on"
WI-IAT WI-IAT Wor,"Web Intelligence and Intelligent Agent Technology and Workshops (WI-IAT WI-IAT Workshops), 2007 IEEE/WIC/ACM International"
WI-IAT Workshops,"Web Intelligence and Intelligent Agent Technology - Workshops (WI-IAT Workshops), 2007 IEEE/WIC/ACM International Conferences"
WiMAX,"Mobile WiMAX Symposium, 2007 IEEE"
WiMOB,"Wireless and Mobile Computing, Networking and Communications, 2006 IEEE International Conference on"
WIOPT,"Modeling and Optimization in Mobile, Ad Hoc and Wireless Networks and Workshops, 2007 5th International Symposium on"
WISP,"Intelligent Signal Processing, 2007 IEEE International Workshop on"
WKDD,"Knowledge Discovery and Data Mining, 2008 Workshop on"
WMCS,"Mobile Commerece and Services, 2005 2nd IEEE International Workshop on"
WMCSA,"Mobile Computing Systems and Applications (WMCSA),2006 7th IEEE Workshop on"
WMCSA/HOTMOBI,"Mobile Computing Systems and Applications Supplement (WMCSA/HotMobile 2006 Supplement), 2006 7th IEEE Workshop on"
WMED,"Microelectronics and Electron Devices, 2006 IEEE Workshop on"
WMUTE,"Wireless, Mobile and Ubiquitous Technology in Education (WMUTE), 2006 International Workshop on"
WMVC,"Motion and Video Computing, 2007 Workshop on"
WOCC,"Wireless and Optical Communications Conference, 2005 14th Annual"
WOCN,"Wireless and Optical Communications Networks, 2006 IFIP International Conference on"
WODA,"Dynamic Analysis (WODA 2007), 2007 Fifth International Workshop on"
WODES,"Discrete Event Systems, 2006 8th International Workshop on"
WONS,"Wireless On Demand Network Systems and Services, 2007 Second Annual Conference on"
WORDS,"Object-Oriented Real-Time Dependable Systems, 2005 10th IEEE International Workshop on"
World Haptics,"Haptic Interfaces for Virtual Environments and Teleoperator Systems (WHC), 2007 2nd Joint EuroHaptics Conference and Symposium"
WoSQ,"Software Quality (WoSQ 2007), 2007 Fifth International Workshop on"
WOWMOM,"A World of Wireless, Mobile and Multimedia Networks WOWMOM, 2006 IEEE International Symposium on"
WPNC,"Positioning, Navigation and Communication, 2007 4th Workshop on"
WRECOM,"Wireless Rural and Emergency Communications, 2007"
WSA,"Smart Antennas (WSA), 2008 International ITG Workshop on"
WSC,"Winter Simulation Conference, Proceedings of the 2006"
WSE,"Web Site Evolution, 2005 7th IEEE International Workshop on"
WTS,"Wireless Telecommunications Symposium (WTS), 2006"
WWV,"Automated Specification and Verification of Web Systems (WWV), 2006 2nd International Workshop on"
